{"cameraMode":{"drawMode":0,"name":"Shaded","section":"Shading Mode"},"sceneLighting":false,"audioPlay":false,"sceneViewState":{"m_AlwaysRefresh":false,"showFog":true,"showSkybox":false,"showFlares":true,"showImageEffects":true,"showParticleSystems":true,"showVisualEffectGraphs":true,"m_FxEnabled":true},"in2DMode":false,"pivot":{"x":4.231626033782959,"y":0.39592602849006655,"z":1.2401454448699952},"rotation":{"x":-0.2391187697649002,"y":0.28985053300857546,"z":-0.07554542273283005,"w":-0.9235408306121826},"size":1.8034050464630128,"orthographic":true}