{"cameraMode":{"drawMode":0,"name":"Shaded","section":"Shading Mode"},"sceneLighting":false,"audioPlay":false,"sceneViewState":{"m_AlwaysRefresh":false,"showFog":true,"showSkybox":false,"showFlares":true,"showImageEffects":true,"showParticleSystems":true,"showVisualEffectGraphs":true,"m_FxEnabled":true},"in2DMode":false,"pivot":{"x":2.640000104904175,"y":0.20000000298023225,"z":0.9810000061988831},"rotation":{"x":-0.31458747386932375,"y":0.11313489079475403,"z":-0.03828031197190285,"w":-0.9415924549102783},"size":1.333276629447937,"orthographic":true}