{"cameraMode":{"drawMode":0,"name":"Shaded","section":"Shading Mode"},"sceneLighting":false,"audioPlay":false,"sceneViewState":{"m_AlwaysRefresh":false,"showFog":true,"showSkybox":false,"showFlares":true,"showImageEffects":true,"showParticleSystems":true,"showVisualEffectGraphs":true,"m_FxEnabled":true},"in2DMode":false,"pivot":{"x":32.73139953613281,"y":17.109844207763673,"z":12.339075088500977},"rotation":{"x":0.13058310747146607,"y":-0.7973758578300476,"z":0.1862802356481552,"w":0.5589622855186462},"size":0.5939933061599731,"orthographic":true}