{"cameraMode":{"drawMode":0,"name":"Shaded","section":"Shading Mode"},"sceneLighting":false,"audioPlay":false,"sceneViewState":{"m_AlwaysRefresh":false,"showFog":true,"showSkybox":false,"showFlares":true,"showImageEffects":true,"showParticleSystems":true,"showVisualEffectGraphs":true,"m_FxEnabled":true},"in2DMode":false,"pivot":{"x":-0.05158981680870056,"y":-0.2308603972196579,"z":0.3767775893211365},"rotation":{"x":0.13058310747146607,"y":-0.7973758578300476,"z":0.1862802356481552,"w":0.5589622855186462},"size":0.8756729960441589,"orthographic":true}