{"cameraMode":{"drawMode":0,"name":"Shaded","section":"Shading Mode"},"sceneLighting":false,"audioPlay":false,"sceneViewState":{"m_AlwaysRefresh":false,"showFog":true,"showSkybox":false,"showFlares":true,"showImageEffects":true,"showParticleSystems":true,"showVisualEffectGraphs":true,"m_FxEnabled":true},"in2DMode":false,"pivot":{"x":-0.0025841593742370607,"y":0.00814121961593628,"z":4.946700096130371},"rotation":{"x":0.12000296264886856,"y":-0.715189516544342,"z":0.1268235445022583,"w":0.6767610907554627},"size":0.7481713891029358,"orthographic":false}