{"cameraMode":{"drawMode":0,"name":"Shaded","section":"Shading Mode"},"sceneLighting":false,"audioPlay":false,"sceneViewState":{"m_AlwaysRefresh":false,"showFog":true,"showSkybox":false,"showFlares":true,"showImageEffects":true,"showParticleSystems":true,"showVisualEffectGraphs":true,"m_FxEnabled":true},"in2DMode":false,"pivot":{"x":2.8726017475128176,"y":0.4183640480041504,"z":0.29891082644462588},"rotation":{"x":0.05559792369604111,"y":0.7115890383720398,"z":-0.05670712888240814,"w":0.6980587244033814},"size":1.7963224649429322,"orthographic":true}