{"cameraMode":{"drawMode":0,"name":"Shaded","section":"Shading Mode"},"sceneLighting":false,"audioPlay":false,"sceneViewState":{"m_AlwaysRefresh":false,"showFog":true,"showSkybox":false,"showFlares":true,"showImageEffects":true,"showParticleSystems":true,"showVisualEffectGraphs":true,"m_FxEnabled":true},"in2DMode":false,"pivot":{"x":-2.2842400074005129,"y":-0.8001036643981934,"z":-1.2342519760131837},"rotation":{"x":0.19893194735050202,"y":0.3782453238964081,"z":-0.08357961475849152,"w":0.9001591801643372},"size":1.1918050050735474,"orthographic":true}